Unnamed: 0.1,Unnamed: 0,pid,modality,method,embedding_size,accuracy,train_type
14.0,14.0,12,kinetic,contrastive,128,0.9625,
15.0,15.0,30,kinetic,contrastive,128,0.9625,
16.0,16.0,36,kinetic,contrastive,128,1.0,
17.0,17.0,9,kinetic,contrastive,128,1.0,
18.0,18.0,39,kinetic,contrastive,128,0.95,
19.0,19.0,3,kinetic,contrastive,128,0.9875,
20.0,20.0,24,kinetic,contrastive,128,0.9875,
21.0,21.0,33,kinetic,contrastive,128,0.9875,
22.0,22.0,18,kinetic,contrastive,128,0.975,
23.0,23.0,15,kinetic,contrastive,128,0.975,
24.0,24.0,6,kinetic,contrastive,128,0.9875,
25.0,25.0,21,kinetic,contrastive,128,0.9375,
26.0,26.0,27,kinetic,contrastive,128,0.975,
54.0,54.0,12,kinetic,contrastive+VAE,128,0.95,
55.0,55.0,30,kinetic,contrastive+VAE,128,0.9375,
56.0,56.0,36,kinetic,contrastive+VAE,128,0.8375,
57.0,57.0,9,kinetic,contrastive+VAE,128,1.0,
58.0,58.0,39,kinetic,contrastive+VAE,128,0.925,
59.0,59.0,3,kinetic,contrastive+VAE,128,0.925,
60.0,60.0,24,kinetic,contrastive+VAE,128,0.9625,
61.0,61.0,33,kinetic,contrastive+VAE,128,0.9416666626930236,
62.0,62.0,18,kinetic,contrastive+VAE,128,0.975,
63.0,63.0,15,kinetic,contrastive+VAE,128,0.975,
64.0,64.0,6,kinetic,contrastive+VAE,128,0.9375,
65.0,65.0,21,kinetic,contrastive+VAE,128,0.8375,
66.0,66.0,27,kinetic,contrastive+VAE,128,0.9625,
80.0,80.0,12,kinetic,VAE,128,0.9625,
81.0,81.0,30,kinetic,VAE,128,0.9625,
82.0,82.0,36,kinetic,VAE,128,0.825,
83.0,83.0,9,kinetic,VAE,128,0.975,
84.0,84.0,39,kinetic,VAE,128,0.9,
85.0,85.0,3,kinetic,VAE,128,0.95,
86.0,86.0,24,kinetic,VAE,128,0.9375,
87.0,87.0,33,kinetic,VAE,128,0.975,
88.0,88.0,18,kinetic,VAE,128,0.9875,
89.0,89.0,15,kinetic,VAE,128,0.9875,
90.0,90.0,6,kinetic,VAE,128,0.9125,
91.0,91.0,21,kinetic,VAE,128,0.8,
92.0,92.0,27,kinetic,VAE,128,0.95,
93.0,93.0,12,kinetic,autoencoder,128,0.9625,
94.0,94.0,30,kinetic,autoencoder,128,1.0,
95.0,95.0,36,kinetic,autoencoder,128,0.975,
96.0,96.0,9,kinetic,autoencoder,128,1.0,
97.0,97.0,39,kinetic,autoencoder,128,0.95,
98.0,98.0,3,kinetic,autoencoder,128,0.95,
99.0,99.0,24,kinetic,autoencoder,128,0.975,
100.0,100.0,33,kinetic,autoencoder,128,0.9875,
101.0,101.0,18,kinetic,autoencoder,128,0.975,
102.0,102.0,15,kinetic,autoencoder,128,0.9375,
103.0,103.0,6,kinetic,autoencoder,128,0.9625,
104.0,104.0,21,kinetic,autoencoder,128,0.925,
105.0,105.0,27,kinetic,autoencoder,128,0.9375,
106.0,106.0,12,kinetic,contrastive+autoencoder,128,0.9875,
107.0,107.0,30,kinetic,contrastive+autoencoder,128,0.975,
108.0,108.0,36,kinetic,contrastive+autoencoder,128,1.0,
109.0,109.0,9,kinetic,contrastive+autoencoder,128,1.0,
110.0,110.0,39,kinetic,contrastive+autoencoder,128,0.9625,
111.0,111.0,3,kinetic,contrastive+autoencoder,128,1.0,
112.0,112.0,24,kinetic,contrastive+autoencoder,128,0.9875,
113.0,113.0,33,kinetic,contrastive+autoencoder,128,0.9875,
114.0,114.0,18,kinetic,contrastive+autoencoder,128,0.975,
115.0,115.0,15,kinetic,contrastive+autoencoder,128,0.975,
116.0,116.0,6,kinetic,contrastive+autoencoder,128,1.0,
117.0,117.0,21,kinetic,contrastive+autoencoder,128,0.925,
118.0,118.0,27,kinetic,contrastive+autoencoder,128,0.95,
0.0,0.0,39,kinetic,random,128,0.975,
1.0,1.0,6,kinetic,random,128,0.975,
2.0,2.0,33,kinetic,random,128,0.9875,
3.0,3.0,3,kinetic,random,128,1.0,
4.0,4.0,18,kinetic,random,128,0.9625,
5.0,5.0,27,kinetic,random,128,0.975,
6.0,6.0,15,kinetic,random,128,0.975,
7.0,7.0,24,kinetic,random,128,0.9875,
8.0,8.0,21,kinetic,random,128,0.9375,
9.0,9.0,36,kinetic,random,128,1.0,
10.0,10.0,30,kinetic,random,128,0.9875,
11.0,11.0,12,kinetic,random,128,0.975,
12.0,12.0,9,kinetic,random,128,0.9875,
0.0,0.0,37,visual,VAE,128,0.7416666626930237,
1.0,1.0,31,visual,VAE,128,0.7333333373069764,
2.0,2.0,25,visual,VAE,128,0.85,
3.0,3.0,16,visual,VAE,128,0.875,
4.0,4.0,22,visual,VAE,128,0.9375,
5.0,5.0,34,visual,VAE,128,0.9,
6.0,6.0,4,visual,VAE,128,0.8041666626930237,
7.0,7.0,1,visual,VAE,128,0.8625,
8.0,8.0,40,visual,VAE,128,0.875,
9.0,9.0,10,visual,VAE,128,0.7166666626930237,
10.0,10.0,7,visual,VAE,128,0.8291666626930236,
11.0,11.0,13,visual,VAE,128,0.7458333373069763,
12.0,12.0,19,visual,VAE,128,0.7166666626930237,
13.0,13.0,28,visual,VAE,128,0.8125,
27.0,27.0,37,visual,contrastive+autoencoder,128,0.975,
28.0,28.0,31,visual,contrastive+autoencoder,128,0.9875,
29.0,29.0,25,visual,contrastive+autoencoder,128,0.95,
30.0,30.0,16,visual,contrastive+autoencoder,128,0.9625,
31.0,31.0,22,visual,contrastive+autoencoder,128,0.9875,
32.0,32.0,34,visual,contrastive+autoencoder,128,0.9875,
33.0,33.0,4,visual,contrastive+autoencoder,128,1.0,
34.0,34.0,1,visual,contrastive+autoencoder,128,0.975,
35.0,35.0,40,visual,contrastive+autoencoder,128,1.0,
36.0,36.0,10,visual,contrastive+autoencoder,128,0.95,
37.0,37.0,7,visual,contrastive+autoencoder,128,0.975,
38.0,38.0,13,visual,contrastive+autoencoder,128,0.9625,
39.0,39.0,19,visual,contrastive+autoencoder,128,0.9875,
40.0,40.0,28,visual,contrastive+autoencoder,128,0.9375,
41.0,41.0,20,auditory,autoencoder,128,0.6583333373069763,
42.0,42.0,11,auditory,autoencoder,128,0.6125,
43.0,43.0,2,auditory,autoencoder,128,0.5625,
44.0,44.0,8,auditory,autoencoder,128,0.5541666626930237,
45.0,45.0,5,auditory,autoencoder,128,0.6458333373069763,
46.0,46.0,35,auditory,autoencoder,128,0.8291666626930236,
47.0,47.0,17,auditory,autoencoder,128,0.875,
48.0,48.0,26,auditory,autoencoder,128,0.8875,
49.0,49.0,23,auditory,autoencoder,128,0.8375,
50.0,50.0,14,auditory,autoencoder,128,0.7041666626930236,
51.0,51.0,38,auditory,autoencoder,128,0.7083333373069763,
52.0,52.0,32,auditory,autoencoder,128,0.6208333373069763,
53.0,53.0,29,auditory,autoencoder,128,0.8375,
67.0,67.0,20,auditory,contrastive,128,0.9375,
68.0,68.0,11,auditory,contrastive,128,0.7916666626930237,
69.0,69.0,2,auditory,contrastive,128,0.95,
70.0,70.0,8,auditory,contrastive,128,0.975,
71.0,71.0,5,auditory,contrastive,128,0.9,
72.0,72.0,35,auditory,contrastive,128,0.9375,
73.0,73.0,17,auditory,contrastive,128,0.95,
74.0,74.0,26,auditory,contrastive,128,0.8875,
75.0,75.0,23,auditory,contrastive,128,0.9625,
76.0,76.0,14,auditory,contrastive,128,0.7916666626930237,
77.0,77.0,38,auditory,contrastive,128,0.8625,
78.0,78.0,32,auditory,contrastive,128,0.7166666626930237,
79.0,79.0,29,auditory,contrastive,128,0.8625,
119.0,119.0,37,visual,contrastive,128,0.9625,
120.0,120.0,31,visual,contrastive,128,0.975,
121.0,121.0,25,visual,contrastive,128,0.9125,
122.0,122.0,16,visual,contrastive,128,0.975,
123.0,123.0,22,visual,contrastive,128,1.0,
124.0,124.0,34,visual,contrastive,128,0.925,
125.0,125.0,4,visual,contrastive,128,0.95,
126.0,126.0,1,visual,contrastive,128,0.9625,
127.0,127.0,40,visual,contrastive,128,0.95,
128.0,128.0,10,visual,contrastive,128,0.9125,
129.0,129.0,7,visual,contrastive,128,0.9625,
130.0,130.0,13,visual,contrastive,128,0.95,
131.0,131.0,19,visual,contrastive,128,1.0,
132.0,132.0,28,visual,contrastive,128,0.9375,
133.0,133.0,20,auditory,random,128,0.6958333373069763,
134.0,134.0,11,auditory,random,128,0.775,
135.0,135.0,2,auditory,random,128,0.7041666626930236,
136.0,136.0,8,auditory,random,128,0.7541666626930237,
137.0,137.0,5,auditory,random,128,0.725,
138.0,138.0,35,auditory,random,128,0.7166666626930237,
139.0,139.0,17,auditory,random,128,0.7625,
140.0,140.0,26,auditory,random,128,0.7041666626930236,
141.0,141.0,23,auditory,random,128,0.6125,
142.0,142.0,14,auditory,random,128,0.7291666626930237,
143.0,143.0,38,auditory,random,128,0.7166666626930237,
144.0,144.0,32,auditory,random,128,0.7166666626930237,
145.0,145.0,29,auditory,random,128,0.7416666626930237,
146.0,146.0,37,visual,autoencoder,128,0.925,
147.0,147.0,31,visual,autoencoder,128,0.9125,
148.0,148.0,25,visual,autoencoder,128,0.825,
149.0,149.0,16,visual,autoencoder,128,0.8666666626930237,
150.0,150.0,22,visual,autoencoder,128,0.9375,
151.0,151.0,34,visual,autoencoder,128,0.825,
152.0,152.0,4,visual,autoencoder,128,0.9375,
153.0,153.0,1,visual,autoencoder,128,0.9625,
154.0,154.0,40,visual,autoencoder,128,0.9625,
155.0,155.0,10,visual,autoencoder,128,0.925,
156.0,156.0,7,visual,autoencoder,128,0.925,
157.0,157.0,13,visual,autoencoder,128,0.9125,
158.0,158.0,19,visual,autoencoder,128,0.95,
159.0,159.0,28,visual,autoencoder,128,0.825,
160.0,160.0,37,visual,contrastive+VAE,128,0.875,
161.0,161.0,31,visual,contrastive+VAE,128,0.8625,
162.0,162.0,25,visual,contrastive+VAE,128,0.7375,
163.0,163.0,16,visual,contrastive+VAE,128,0.7916666626930237,
164.0,164.0,22,visual,contrastive+VAE,128,0.6958333373069763,
165.0,165.0,34,visual,contrastive+VAE,128,0.5625,
166.0,166.0,4,visual,contrastive+VAE,128,0.8875,
167.0,167.0,1,visual,contrastive+VAE,128,0.9,
168.0,168.0,40,visual,contrastive+VAE,128,0.875,
169.0,169.0,10,visual,contrastive+VAE,128,0.8,
170.0,170.0,7,visual,contrastive+VAE,128,0.8125,
171.0,171.0,13,visual,contrastive+VAE,128,0.9166666626930235,
172.0,172.0,19,visual,contrastive+VAE,128,0.8041666626930237,
173.0,173.0,28,visual,contrastive+VAE,128,0.825,
174.0,174.0,20,auditory,VAE,128,0.8375,
175.0,175.0,11,auditory,VAE,128,0.7833333373069763,
176.0,176.0,2,auditory,VAE,128,0.7166666626930237,
177.0,177.0,8,auditory,VAE,128,0.7375,
178.0,178.0,5,auditory,VAE,128,0.75,
179.0,179.0,35,auditory,VAE,128,0.7125,
180.0,180.0,17,auditory,VAE,128,0.7541666626930237,
181.0,181.0,26,auditory,VAE,128,0.8208333373069763,
182.0,182.0,23,auditory,VAE,128,0.7083333373069763,
183.0,183.0,14,auditory,VAE,128,0.7625,
184.0,184.0,38,auditory,VAE,128,0.7416666626930237,
185.0,185.0,32,auditory,VAE,128,0.7666666626930236,
186.0,186.0,29,auditory,VAE,128,0.85,
187.0,187.0,20,auditory,contrastive+autoencoder,128,0.9625,
188.0,188.0,11,auditory,contrastive+autoencoder,128,0.9125,
189.0,189.0,2,auditory,contrastive+autoencoder,128,0.9875,
190.0,190.0,8,auditory,contrastive+autoencoder,128,0.975,
191.0,191.0,5,auditory,contrastive+autoencoder,128,0.9625,
192.0,192.0,35,auditory,contrastive+autoencoder,128,0.9625,
193.0,193.0,17,auditory,contrastive+autoencoder,128,0.9875,
194.0,194.0,26,auditory,contrastive+autoencoder,128,0.95,
195.0,195.0,23,auditory,contrastive+autoencoder,128,0.9875,
196.0,196.0,14,auditory,contrastive+autoencoder,128,0.9291666626930236,
197.0,197.0,38,auditory,contrastive+autoencoder,128,0.8875,
198.0,198.0,32,auditory,contrastive+autoencoder,128,0.9,
199.0,199.0,29,auditory,contrastive+autoencoder,128,0.9375,
200.0,200.0,37,visual,random,128,0.8625,
201.0,201.0,31,visual,random,128,0.6916666626930237,
202.0,202.0,25,visual,random,128,0.7625,
203.0,203.0,16,visual,random,128,0.825,
204.0,204.0,22,visual,random,128,0.8,
205.0,205.0,34,visual,random,128,0.7958333373069764,
206.0,206.0,4,visual,random,128,0.925,
207.0,207.0,1,visual,random,128,0.8875,
208.0,208.0,40,visual,random,128,0.8,
209.0,209.0,10,visual,random,128,0.7791666626930237,
210.0,210.0,7,visual,random,128,0.8416666626930237,
211.0,211.0,13,visual,random,128,0.8458333373069763,
212.0,212.0,19,visual,random,128,0.8875,
213.0,213.0,28,visual,random,128,0.775,
214.0,214.0,20,auditory,contrastive+VAE,128,0.6625,
215.0,215.0,11,auditory,contrastive+VAE,128,0.8875,
216.0,216.0,2,auditory,contrastive+VAE,128,0.6333333373069763,
217.0,217.0,8,auditory,contrastive+VAE,128,0.55,
218.0,218.0,5,auditory,contrastive+VAE,128,0.6416666626930236,
219.0,219.0,35,auditory,contrastive+VAE,128,0.875,
220.0,220.0,17,auditory,contrastive+VAE,128,0.8875,
221.0,221.0,26,auditory,contrastive+VAE,128,0.8625,
222.0,222.0,23,auditory,contrastive+VAE,128,0.925,
223.0,223.0,14,auditory,contrastive+VAE,128,0.8625,
224.0,224.0,38,auditory,contrastive+VAE,128,0.8791666626930237,
225.0,225.0,32,auditory,contrastive+VAE,128,0.8625,
226.0,226.0,29,auditory,contrastive+VAE,128,0.875,
,,37,visual,pretrained,128,0.8958333333333334,pretrained
,,31,visual,pretrained,128,0.875,pretrained
,,25,visual,pretrained,128,0.9270833333333334,pretrained
,,16,visual,pretrained,128,0.9479166666666666,pretrained
,,22,visual,pretrained,128,0.96875,pretrained
,,34,visual,pretrained,128,0.96875,pretrained
,,4,visual,pretrained,128,0.90625,pretrained
,,1,visual,pretrained,128,0.9270833333333334,pretrained
,,40,visual,pretrained,128,0.9479166666666666,pretrained
,,10,visual,pretrained,128,0.9479166666666666,pretrained
,,7,visual,pretrained,128,0.90625,pretrained
,,13,visual,pretrained,128,0.9479166666666666,pretrained
,,19,visual,pretrained,128,0.9375,pretrained
,,28,visual,pretrained,128,0.8958333333333334,pretrained
,,20,auditory,pretrained,128,0.9479166666666666,pretrained
,,11,auditory,pretrained,128,0.9375,pretrained
,,2,auditory,pretrained,128,0.9270833333333334,pretrained
,,8,auditory,pretrained,128,0.9479166666666666,pretrained
,,5,auditory,pretrained,128,0.8854166666666666,pretrained
,,35,auditory,pretrained,128,0.9375,pretrained
,,41,auditory,pretrained,128,0.90625,pretrained
,,17,auditory,pretrained,128,0.9375,pretrained
,,26,auditory,pretrained,128,0.9166666666666666,pretrained
,,23,auditory,pretrained,128,0.9479166666666666,pretrained
,,14,auditory,pretrained,128,0.8819444378217062,pretrained
,,38,auditory,pretrained,128,0.9270833333333334,pretrained
,,32,auditory,pretrained,128,0.8958333333333334,pretrained
,,29,auditory,pretrained,128,0.9479166666666666,pretrained
,,12,kinetic,pretrained,128,0.8958333333333334,pretrained
,,30,kinetic,pretrained,128,0.875,pretrained
,,36,kinetic,pretrained,128,0.875,pretrained
,,9,kinetic,pretrained,128,0.8333333333333334,pretrained
,,39,kinetic,pretrained,128,0.84375,pretrained
,,3,kinetic,pretrained,128,0.875,pretrained
,,24,kinetic,pretrained,128,0.8958333333333334,pretrained
,,33,kinetic,pretrained,128,0.8333333333333334,pretrained
,,18,kinetic,pretrained,128,0.9166666666666666,pretrained
,,15,kinetic,pretrained,128,0.8125,pretrained
,,6,kinetic,pretrained,128,0.875,pretrained
,,21,kinetic,pretrained,128,0.8229166666666666,pretrained
,,27,kinetic,pretrained,128,0.875,pretrained
,,42,kinetic,pretrained,128,0.8541666666666666,pretrained
